Title,Country,Date,Time,Impact,Forecast,Previous,URL
OPEC-JMMC Meetings,All,10-04-2026,9:15am,Medium,,,https://www.forexfactory.com/calendar/798-opec-jmmc-meetings
Bank Holiday,AUD,10-04-2026,8:00pm,Holiday,,,https://www.forexfactory.com/calendar/394-au-bank-holiday
Bank Holiday,CNY,10-04-2026,11:01pm,Holiday,,,https://www.forexfactory.com/calendar/468-ch-bank-holiday
MI Inflation Gauge m/m,AUD,10-05-2026,12:00am,Low,,0.5%,https://www.forexfactory.com/calendar/294-au-mi-inflation-gauge-mm
ANZ Commodity Prices m/m,NZD,10-05-2026,12:00am,Low,,-0.4%,https://www.forexfactory.com/calendar/190-nz-anz-commodity-prices-mm
Consumer Confidence,JPY,10-05-2026,5:00am,Low,35.3,35.5,https://www.forexfactory.com/calendar/212-jn-consumer-confidence
Spanish Services PMI,EUR,10-05-2026,7:15am,Low,57.1,57.8,https://www.forexfactory.com/calendar/558-sp-services-pmi
German Buba President Nagel Speaks,EUR,10-05-2026,7:45am,Low,,,https://www.forexfactory.com/calendar/851-ge-buba-president-nagel-speaks
Italian Services PMI,EUR,10-05-2026,7:45am,Low,54.6,55.2,https://www.forexfactory.com/calendar/548-it-services-pmi
French Final Services PMI,EUR,10-05-2026,7:50am,Low,51.4,51.4,https://www.forexfactory.com/calendar/619-fr-final-services-pmi
German Final Services PMI,EUR,10-05-2026,7:55am,Low,52.9,52.9,https://www.forexfactory.com/calendar/620-ge-final-services-pmi
Final Services PMI,EUR,10-05-2026,8:00am,Low,53.0,53.0,https://www.forexfactory.com/calendar/265-ez-final-services-pmi
Sentix Investor Confidence,EUR,10-05-2026,8:30am,Low,4.5,5.1,https://www.forexfactory.com/calendar/320-ez-sentix-investor-confidence
Final Services PMI,GBP,10-05-2026,8:30am,Low,51.7,51.7,https://www.forexfactory.com/calendar/250-uk-final-services-pmi
PPI m/m,EUR,10-05-2026,9:00am,Low,1.9%,1.6%,https://www.forexfactory.com/calendar/89-ez-ppi-mm
Final Services PMI,USD,10-05-2026,1:45pm,Low,58.7,58.7,https://www.forexfactory.com/calendar/584-us-final-services-pmi
ISM Services PMI,USD,10-05-2026,2:00pm,Medium,55.1,55.4,https://www.forexfactory.com/calendar/253-us-ism-services-pmi
NZIER Business Confidence,NZD,10-05-2026,9:00pm,Low,,8,https://www.forexfactory.com/calendar/318-nz-nzier-business-confidence
Bank Holiday,CNY,10-05-2026,11:01pm,Holiday,,,https://www.forexfactory.com/calendar/468-ch-bank-holiday
Westpac Consumer Sentiment,AUD,10-05-2026,11:30pm,Low,,-5.2%,https://www.forexfactory.com/calendar/338-au-westpac-consumer-sentiment
ANZ Job Advertisements m/m,AUD,10-06-2026,12:30am,Low,,2.5%,https://www.forexfactory.com/calendar/234-au-anz-job-advertisements-mm
10-y Bond Auction,JPY,10-06-2026,3:35am,Low,,3.00|3.3,https://www.forexfactory.com/calendar/574-jn-10-y-bond-auction
German Factory Orders m/m,EUR,10-06-2026,6:00am,Low,-0.9%,2.5%,https://www.forexfactory.com/calendar/352-ge-factory-orders-mm
BOJ Gov Ueda Speaks,JPY,10-06-2026,6:35am,High,,,https://www.forexfactory.com/calendar/892-jn-boj-gov-ueda-speaks
French Gov Budget Balance,EUR,10-06-2026,6:45am,Low,,-145.9B,https://www.forexfactory.com/calendar/378-fr-gov-budget-balance
French Industrial Production m/m,EUR,10-06-2026,6:45am,Low,0.2%,-0.4%,https://www.forexfactory.com/calendar/222-fr-industrial-production-mm
Unemployment Rate,CHF,10-06-2026,7:00am,Low,3.1%,3.1%,https://www.forexfactory.com/calendar/62-sz-unemployment-rate
Construction PMI,GBP,10-06-2026,8:30am,Low,45.0,44.3,https://www.forexfactory.com/calendar/251-uk-construction-pmi
Housing Equity Withdrawal q/q,GBP,10-06-2026,8:30am,Low,-11.9B,-12.6B,https://www.forexfactory.com/calendar/290-uk-housing-equity-withdrawal-qq
MPC Member Mann Speaks,GBP,10-06-2026,8:30am,Low,,,https://www.forexfactory.com/calendar/848-uk-mpc-member-mann-speaks
Retail Sales m/m,EUR,10-06-2026,9:00am,Low,0.2%,-0.6%,https://www.forexfactory.com/calendar/106-ez-retail-sales-mm
ADP Weekly Employment Change,USD,10-06-2026,12:14pm,Low,,20.0K,https://www.forexfactory.com/calendar/929-us-adp-weekly-employment-change
ADP Weekly Employment Change,USD,10-06-2026,12:15pm,Low,,22.5K,https://www.forexfactory.com/calendar/929-us-adp-weekly-employment-change
Trade Balance,CAD,10-06-2026,12:30pm,Low,1.5B,0.8B,https://www.forexfactory.com/calendar/118-ca-trade-balance
Trade Balance,USD,10-06-2026,12:30pm,Low,-100.8B,-88.6B,https://www.forexfactory.com/calendar/117-us-trade-balance
Ivey PMI,CAD,10-06-2026,2:00pm,Medium,65.2,64.3,https://www.forexfactory.com/calendar/254-ca-ivey-pmi
RCM/TIPP Economic Optimism,USD,10-06-2026,2:01pm,Low,44.5,45.6,https://www.forexfactory.com/calendar/237-us-rcmtipp-economic-optimism
FOMC Member Bowman Speaks,USD,10-06-2026,2:45pm,Low,,,https://www.forexfactory.com/calendar/812-us-fomc-member-bowman-speaks
GDT Price Index,NZD,10-06-2026,3:46pm,Low,,-1.1%,https://www.forexfactory.com/calendar/602-nz-gdt-price-index
FOMC Member Schmid Speaks,USD,10-06-2026,5:15pm,Low,,,https://www.forexfactory.com/calendar/912-us-fomc-member-schmid-speaks
API Weekly Statistical Bulletin,USD,10-06-2026,8:30pm,Low,,,https://www.forexfactory.com/calendar/754-us-api-weekly-statistical-bulletin
Bank Holiday,CNY,10-06-2026,11:01pm,Holiday,,,https://www.forexfactory.com/calendar/468-ch-bank-holiday
Average Cash Earnings y/y,JPY,10-06-2026,11:30pm,Low,3.7%,4.7%,https://www.forexfactory.com/calendar/181-jn-average-cash-earnings-yy
Leading Indicators,JPY,10-07-2026,5:00am,Low,118.1%,117.9%,https://www.forexfactory.com/calendar/145-jn-leading-indicators
German Industrial Production m/m,EUR,10-07-2026,6:00am,Low,0.5%,-1.1%,https://www.forexfactory.com/calendar/221-ge-industrial-production-mm
Lloyds HPI m/m,GBP,10-07-2026,6:00am,Low,0.0%,-0.2%,https://www.forexfactory.com/calendar/151-uk-lloyds-hpi-mm
French Trade Balance,EUR,10-07-2026,6:45am,Low,-6.5B,-6.7B,https://www.forexfactory.com/calendar/126-fr-trade-balance
Foreign Currency Reserves,CHF,10-07-2026,7:00am,Low,,770B,https://www.forexfactory.com/calendar/517-sz-foreign-currency-reserves
Crude Oil Inventories,USD,10-07-2026,2:30pm,Low,2.1M,0.9M,https://www.forexfactory.com/calendar/10-us-crude-oil-inventories
10-y Bond Auction,USD,10-07-2026,5:01pm,Low,,4.83|2.7,https://www.forexfactory.com/calendar/519-us-10-y-bond-auction
FOMC Meeting Minutes,USD,10-07-2026,6:00pm,High,,,https://www.forexfactory.com/calendar/304-us-fomc-meeting-minutes
Consumer Credit m/m,USD,10-07-2026,7:00pm,Low,14.4B,18.1B,https://www.forexfactory.com/calendar/341-us-consumer-credit-mm
RICS House Price Balance,GBP,10-07-2026,11:01pm,Low,-30%,-28%,https://www.forexfactory.com/calendar/260-uk-rics-house-price-balance
Current Account,JPY,10-07-2026,11:50pm,Low,2.13T,2.52T,https://www.forexfactory.com/calendar/217-jn-current-account
MI Inflation Expectations,AUD,10-08-2026,12:00am,Low,,4.9%,https://www.forexfactory.com/calendar/293-au-mi-inflation-expectations
30-y Bond Auction,JPY,10-08-2026,3:35am,Low,,4.08|3.8,https://www.forexfactory.com/calendar/575-jn-30-y-bond-auction
Economy Watchers Sentiment,JPY,10-08-2026,5:00am,Low,46.7,46.4,https://www.forexfactory.com/calendar/324-jn-economy-watchers-sentiment
German Trade Balance,EUR,10-08-2026,6:00am,Low,18.9B,21.3B,https://www.forexfactory.com/calendar/125-ge-trade-balance
Gov Board Member Martin Speaks,CHF,10-08-2026,8:05am,Low,,,https://www.forexfactory.com/calendar/903-sz-gov-board-member-martin-speaks
BOE Credit Conditions Survey,GBP,10-08-2026,8:30am,Low,,,https://www.forexfactory.com/calendar/367-uk-boe-credit-conditions-survey
FOMC Member Waller Speaks,USD,10-08-2026,8:30am,Medium,,,https://www.forexfactory.com/calendar/839-us-fomc-member-waller-speaks
MPC Member Greene Speaks,GBP,10-08-2026,9:15am,Low,,,https://www.forexfactory.com/calendar/894-uk-mpc-member-greene-speaks
Eurogroup Meetings,EUR,10-08-2026,9:15am,Low,,,https://www.forexfactory.com/calendar/562-ez-eurogroup-meetings
MPC Member Pill Speaks,GBP,10-08-2026,10:30am,Low,,,https://www.forexfactory.com/calendar/850-uk-mpc-member-pill-speaks
ECB Monetary Policy Meeting Accounts,EUR,10-08-2026,11:30am,Low,,,https://www.forexfactory.com/calendar/613-ez-ecb-monetary-policy-meeting-accounts
BOE Gov Bailey Speaks,GBP,10-08-2026,12:15pm,High,,,https://www.forexfactory.com/calendar/838-uk-boe-gov-bailey-speaks
Unemployment Claims,USD,10-08-2026,12:30pm,Medium,200K,197K,https://www.forexfactory.com/calendar/11-us-unemployment-claims
MPC Member Lombardelli Speaks,GBP,10-08-2026,1:00pm,Low,,,https://www.forexfactory.com/calendar/908-uk-mpc-member-lombardelli-speaks
Final Wholesale Inventories m/m,USD,10-08-2026,2:00pm,Low,0.7%,0.7%,https://www.forexfactory.com/calendar/154-us-final-wholesale-inventories-mm
Natural Gas Storage,USD,10-08-2026,2:30pm,Low,,64B,https://www.forexfactory.com/calendar/26-us-natural-gas-storage
30-y Bond Auction,USD,10-08-2026,5:01pm,Low,,5.31|2.6,https://www.forexfactory.com/calendar/540-us-30-y-bond-auction
FOMC Member Musalem Speaks,USD,10-08-2026,5:40pm,Low,,,https://www.forexfactory.com/calendar/911-us-fomc-member-musalem-speaks
Household Spending y/y,JPY,10-08-2026,11:30pm,Low,-3.5%,-3.6%,https://www.forexfactory.com/calendar/359-jn-household-spending-yy
Prelim Machine Tool Orders y/y,JPY,10-09-2026,6:00am,Low,,64.7%,https://www.forexfactory.com/calendar/321-jn-prelim-machine-tool-orders-yy
SECO Consumer Climate,CHF,10-09-2026,7:00am,Low,-32,-33,https://www.forexfactory.com/calendar/337-sz-seco-consumer-climate
Italian Industrial Production m/m,EUR,10-09-2026,8:00am,Low,0.0%,0.7%,https://www.forexfactory.com/calendar/223-it-industrial-production-mm
ECOFIN Meetings,EUR,10-09-2026,9:15am,Low,,,https://www.forexfactory.com/calendar/504-ez-ecofin-meetings
Employment Change,CAD,10-09-2026,12:30pm,High,6.2K,-41.7K,https://www.forexfactory.com/calendar/67-ca-employment-change
Unemployment Rate,CAD,10-09-2026,12:30pm,High,6.5%,6.4%,https://www.forexfactory.com/calendar/57-ca-unemployment-rate
Prelim UoM Consumer Sentiment,USD,10-09-2026,2:00pm,Medium,47.6,47.8,https://www.forexfactory.com/calendar/53-us-prelim-uom-consumer-sentiment
Prelim UoM Inflation Expectations,USD,10-09-2026,2:00pm,Medium,,4.6%,https://www.forexfactory.com/calendar/236-us-prelim-uom-inflation-expectations
FOMC Member Collins Speaks,USD,10-09-2026,8:00pm,Low,,,https://www.forexfactory.com/calendar/882-us-fomc-member-collins-speaks