Title,Country,Date,Time24h,Importance,Forecast,Previous
OPEC-JMMC Meetings,All,2026.10.04,09:15,2,0,0
Bank Holiday,AUD,2026.10.04,20:00,0,0,0
Bank Holiday,CNY,2026.10.04,23:01,0,0,0
MI Inflation Gauge m/m,AUD,2026.10.05,00:00,1,0,0.5
ANZ Commodity Prices m/m,NZD,2026.10.05,00:00,1,0,-0.4
Consumer Confidence,JPY,2026.10.05,05:00,1,35.3,35.5
Spanish Services PMI,EUR,2026.10.05,07:15,1,57.1,57.8
German Buba President Nagel Speaks,EUR,2026.10.05,07:45,1,0,0
Italian Services PMI,EUR,2026.10.05,07:45,1,54.6,55.2
French Final Services PMI,EUR,2026.10.05,07:50,1,51.4,51.4
German Final Services PMI,EUR,2026.10.05,07:55,1,52.9,52.9
Final Services PMI,EUR,2026.10.05,08:00,1,53.0,53.0
Sentix Investor Confidence,EUR,2026.10.05,08:30,1,4.5,5.1
Final Services PMI,GBP,2026.10.05,08:30,1,51.7,51.7
PPI m/m,EUR,2026.10.05,09:00,1,1.9,1.6
Final Services PMI,USD,2026.10.05,13:45,1,58.7,58.7
ISM Services PMI,USD,2026.10.05,14:00,2,55.1,55.4
NZIER Business Confidence,NZD,2026.10.05,21:00,1,0,8
Bank Holiday,CNY,2026.10.05,23:01,0,0,0
Westpac Consumer Sentiment,AUD,2026.10.05,23:30,1,0,-5.2
ANZ Job Advertisements m/m,AUD,2026.10.06,00:30,1,0,2.5
10-y Bond Auction,JPY,2026.10.06,03:35,1,0,3.00
German Factory Orders m/m,EUR,2026.10.06,06:00,1,-0.9,2.5
BOJ Gov Ueda Speaks,JPY,2026.10.06,06:35,3,0,0
French Gov Budget Balance,EUR,2026.10.06,06:45,1,0,-145900000000.0
French Industrial Production m/m,EUR,2026.10.06,06:45,1,0.2,-0.4
Unemployment Rate,CHF,2026.10.06,07:00,1,3.1,3.1
Construction PMI,GBP,2026.10.06,08:30,1,45.0,44.3
MPC Member Mann Speaks,GBP,2026.10.06,08:30,1,0,0
Housing Equity Withdrawal q/q,GBP,2026.10.06,08:30,1,-11900000000.0,-12600000000.0
Retail Sales m/m,EUR,2026.10.06,09:00,1,0.2,-0.6
ADP Weekly Employment Change,USD,2026.10.06,12:15,1,0,0
ADP Weekly Employment Change,USD,2026.10.06,12:16,1,0,20000.0
Trade Balance,CAD,2026.10.06,12:30,1,1500000000.0,800000000.0
Trade Balance,USD,2026.10.06,12:30,1,-100800000000.0,-88600000000.0
Ivey PMI,CAD,2026.10.06,14:00,2,65.2,64.3
RCM/TIPP Economic Optimism,USD,2026.10.06,14:10,1,44.5,45.6
FOMC Member Bowman Speaks,USD,2026.10.06,14:45,1,0,0
GDT Price Index,NZD,2026.10.06,14:50,1,0,-1.1
FOMC Member Schmid Speaks,USD,2026.10.06,17:15,1,0,0
API Weekly Statistical Bulletin,USD,2026.10.06,20:30,1,0,0
Bank Holiday,CNY,2026.10.06,23:01,0,0,0
Average Cash Earnings y/y,JPY,2026.10.06,23:30,1,3.7,4.7
Leading Indicators,JPY,2026.10.07,05:00,1,118.1,117.9
German Industrial Production m/m,EUR,2026.10.07,06:00,1,0.5,-1.1
Lloyds HPI m/m,GBP,2026.10.07,06:00,1,0.2,-0.2
French Trade Balance,EUR,2026.10.07,06:45,1,-6500000000.0,-6700000000.0
Foreign Currency Reserves,CHF,2026.10.07,07:00,1,0,770000000000.0
Crude Oil Inventories,USD,2026.10.07,14:30,1,0,900000.0
10-y Bond Auction,USD,2026.10.07,17:01,1,0,4.83
FOMC Meeting Minutes,USD,2026.10.07,18:00,3,0,0
Consumer Credit m/m,USD,2026.10.07,19:00,1,15400000000.0,18100000000.0
RICS House Price Balance,GBP,2026.10.07,23:01,1,-30,-28
Current Account,JPY,2026.10.07,23:50,1,2.10T,2.52T
MI Inflation Expectations,AUD,2026.10.08,00:00,1,0,4.9
30-y Bond Auction,JPY,2026.10.08,03:35,1,0,4.08
Economy Watchers Sentiment,JPY,2026.10.08,05:00,1,46.6,46.4
German Trade Balance,EUR,2026.10.08,06:00,1,18900000000.0,21300000000.0
Gov Board Member Martin Speaks,CHF,2026.10.08,08:05,1,0,0
BOE Credit Conditions Survey,GBP,2026.10.08,08:30,1,0,0
FOMC Member Waller Speaks,USD,2026.10.08,08:30,2,0,0
MPC Member Greene Speaks,GBP,2026.10.08,09:15,1,0,0
Eurogroup Meetings,EUR,2026.10.08,09:15,1,0,0
MPC Member Pill Speaks,GBP,2026.10.08,10:30,1,0,0
ECB Monetary Policy Meeting Accounts,EUR,2026.10.08,11:30,1,0,0
BOE Gov Bailey Speaks,GBP,2026.10.08,12:15,3,0,0
Unemployment Claims,USD,2026.10.08,12:30,2,200000.0,197000.0
MPC Member Lombardelli Speaks,GBP,2026.10.08,13:00,1,0,0
Final Wholesale Inventories m/m,USD,2026.10.08,14:00,1,0.7,0.7
Natural Gas Storage,USD,2026.10.08,14:30,1,0,64000000000.0
30-y Bond Auction,USD,2026.10.08,17:01,1,0,5.31
FOMC Member Musalem Speaks,USD,2026.10.08,17:40,1,0,0
Household Spending y/y,JPY,2026.10.08,23:30,1,-3.5,-3.6
Prelim Machine Tool Orders y/y,JPY,2026.10.09,06:00,1,0,64.7
SECO Consumer Climate,CHF,2026.10.09,07:00,1,-32,-33
Italian Industrial Production m/m,EUR,2026.10.09,08:00,1,0.0,0.7
ECOFIN Meetings,EUR,2026.10.09,09:15,1,0,0
Employment Change,CAD,2026.10.09,12:30,3,9000.0,-41700.0
Unemployment Rate,CAD,2026.10.09,12:30,3,6.5,6.4
Prelim UoM Consumer Sentiment,USD,2026.10.09,14:00,2,47.6,47.8
Prelim UoM Inflation Expectations,USD,2026.10.09,14:00,2,0,4.6
FOMC Member Collins Speaks,USD,2026.10.09,20:00,1,0,0
